DEPT,DT,NPHI,PHIF,RHOB,SW,VSH,
m,us/ft,m3/m3,m3/m3,g/cm3,,,
4575.5050536,118.24620056,0.7465000153,0.1937000006,2.2539999485,0.5803999901,0.5562999845
4575.6574536,117.8588028,0.4846000075,0.1832000017,2.2730000019,0.6024000049,0.5676000118
4575.8098536,116.13289642,0.5116999745,0.1811999977,2.2720999718,0.5971000195,0.6047000289
4575.9622536,115.38809967,0.5414999723,0.1662999988,2.2999999523,0.631099999,0.611199975
4576.1146536,115.73899841,0.5353000164,0.1694000065,2.2948000431,0.6269999743,0.6062999964
4576.2670536,115.45780182,0.5809000134,0.1975000054,2.2332999706,0.548699975,0.658100009
4576.4194536,115.92420197,0.5410000086,0.1685000062,2.3046998978,0.6460999846,0.5436000228
4576.5718535,116.43710327,0.5260999799,0.2011999935,2.2360999584,0.5590000153,0.5812000036
4576.7242535,116.13539886,0.4943000078,0.1977999955,2.2379999161,0.5526000261,0.6151999831
4576.8766535,116.22989655,0.4016000032,0.1920000017,2.2569999695,0.5769000053,0.5552999973
4577.0290535,117.10639954,0.5758000016,0.1718000025,2.2909998894,0.6054000258,0.5910000205
4577.1814535,115.96399689,0.5645999908,0.1774999946,2.2850000858,0.5992000103,0.5518000126
4577.3338535,114.77400208,0.6162999868,0.1964000016,2.2509999275,0.5593000054,0.5289999843
4577.4862535,114.36789703,0.5044000149,0.1873999983,2.2620000839,0.554799974,0.5730999708
4577.6386535,114.07029724,0.4032000005,0.2149000019,2.2820000648,0.601000011,0.0005
4577.7910535,115.62689972,0.5619999766,0.197300002,2.2430000305,0.5248000026,0.5638999939
4577.9434535,116.37599945,0.4607999921,0.1911000013,2.2669999599,0.5558999777,0.4731999934
4578.0958535,117.03350067,0.7020999789,0.1928000003,2.2581000328,0.5376999974,0.5135999918
4578.2482535,114.72940063,0.5505999923,0.1805000007,2.285900116,0.5745000243,0.4846999943
4578.4006535,104.1257019,0.4842000008,0.200000003,2.2430999279,0.5286999941,0.5234000087
4578.5530535,100.67430115,0.4566000104,0.1763000041,2.2811999321,0.5627999902,0.5853000283
4578.7054535,100.78079987,0.5527999997,0.1431999952,2.3380000591,0.6297000051,0.6402999759
4578.8578535,104.23809814,0.5519999862,0.1447000057,2.3448998928,0.6590999961,0.570200026
4579.0102535,114.25869751,0.5722000003,0.1495999992,2.3276998997,0.6286000013,0.6287999749
4579.1626535,115.62940216,0.4375,0.1862999946,2.2660999298,0.5731999874,0.5637000203
4579.3150535,114.75229645,0.3459999859,0.1738999933,2.2969999313,0.6229000092,0.5159999728
4579.4674535,114.03579712,0.7218000293,0.1756000072,2.2820000648,0.5982000232,0.6055999994
4579.6198535,114.24880219,0.5037999749,0.1764000058,2.2850000858,0.6168000102,0.5776000023
4579.7722534,116.98590088,0.4469000101,0.1476999968,2.3450000286,0.7182000279,0.548699975
4579.9246534,117.78099823,0.5705000162,0.1599999964,2.3150000572,0.6725000143,0.5978000164
4580.0770534,117.3730011,0.4174999893,0.1623000056,2.3080000877,0.6661999822,0.6205999851
4580.2294534,116.16049957,0.5174000263,0.1631000042,2.3010001183,0.6517999768,0.6620000005
4580.3818534,114.04730225,0.394600004,0.1706999987,2.2920000553,0.6495000124,0.621900022
4580.5342534,112.4417038,0.5117999911,0.1598999947,2.3099999428,0.6662999988,0.6406999826
4580.6866534,110.86019897,0.6786000133,0.1754000038,2.2890999317,0.6467999816,0.5726000071
4580.8390534,108.20610046,0.5004000068,0.1530999988,2.3241000175,0.6776999831,0.6277999878
4580.9914534,100.46859741,0.5230000019,0.1349000037,2.3598999977,0.7312999964,0.6197000146
4581.1438534,90.553199768,0.4819999933,0.1471000016,2.3380999565,0.6996999979,0.6094999909
4581.2962534,87.22530365,0.4986999929,0.1447000057,2.3578999043,0.7559000254,0.4986999929
4581.4486534,89.178199768,0.5278999805,0.0003,2.6243999004,0.8781999946,0.4963999987
4581.6010534,97.429397583,0.47299999,0.0772999972,2.4663000107,1,0.6391999722
4581.7534534,108.41999817,0.4666000009,0.0366000012,2.5294001102,0.9991999865,0.679799974
4581.9058534,113.87010193,0.6261000037,0.1105000004,2.4001998901,0.8278999925,0.6733999848
4582.0582534,113.41960144,0.5008000135,0.1359000057,2.3520998955,0.7508999705,0.6801000237
4582.2106534,111.19000244,0.5309000015,0.1332000047,2.3659999371,0.8041999936,0.6208000183
4582.3630534,108.65329742,0.6468999982,0.1256999969,2.3740000725,0.8191000223,0.6701999903
4582.5154534,105.38700104,0.5497000217,0.1208000034,2.3770000935,0.8208000064,0.7178000212
4582.6678534,104.68800354,0.5376999974,0.1482000053,2.3320000172,0.7552999854,0.6675000191
4582.8202533,104.65080261,0.6912000179,0.1360999942,2.3540000916,0.7886999846,0.6747999787
4582.9726533,104.22879791,0.4555000067,0.1142999977,2.3849999905,0.820900023,0.7451000214
4583.1250533,103.00839996,0.5478000045,0.119099997,2.375,0.793900013,0.7504000068
4583.2774533,98.75969696,0.5076000094,0.1212000027,2.3801000118,0.8302000165,0.6880000234
4583.4298533,93.813400269,0.5067999959,0.0802000016,2.4688999653,0.9998999834,0.5751000047
4583.5822533,94.027198792,0.4785999954,0.1058999971,2.4191000462,0.9581999779,0.6208000183
4583.7346533,95.753501892,0.6445999742,0.0794999972,2.4670000076,1,0.6000000238
4583.8870533,99.892303467,0.4939999878,0.0675999969,2.4818000793,0.9998999834,0.644299984
4584.0394533,105.36239624,0.4927999973,0.1000000015,2.4249000549,0.9677000046,0.6583999991
4584.1918533,105.45819855,0.4284000099,0.1254999936,2.3870000839,0.8913999796,0.5873000026
4584.3442533,104.4878006,0.5626999736,0.122299999,2.378000021,0.8277000189,0.6884999871
4584.4966533,104.19950104,0.5928999782,0.1162,2.388999939,0.8303999901,0.6866000295
4584.6490533,103.28130341,0.4821000099,0.1006999984,2.4179999828,0.8781999946,0.6822000146
4584.8014533,99.993400574,0.4066999853,0.1023999974,2.4249999523,0.9082999825,0.6050000191
4584.9538533,90.131599426,0.4447000027,0.1246000007,2.3870000839,0.825600028,0.5766000152
4585.1062533,83.430000305,0.6822999716,0.1345999986,2.3729999065,0.8072000146,0.5406000018
4585.2586533,83.57800293,0.3894999921,0.1198000014,2.4210000038,0.9487000108,0.3995999992
4585.4110533,86.605499268,0.3470000029,0.0895999968,2.4530000687,0.9875000119,0.5734000206
4585.5634533,96.751197815,0.4638000131,0.0595000014,2.4971001148,1,0.6287999749
4585.7158533,103.15149689,0.4352000058,0,2.5940001011,1,0.7099000216
4585.8682533,102.75689697,0.3991000056,0,2.6319000721,0.9998999834,0.7287999988
4586.0206532,102.68090057,0.5303999782,0.0002,2.5936999321,0.9499999881,0.6984999776
4586.1730532,101.57319641,0.5156999826,0.0961999968,2.4230000973,0.8783000112,0.7045000196
4586.3254532,101.67520142,0.3720999956,0.0953999981,2.4328999519,0.9009000063,0.6373999715
4586.4778532,101.3635025,0.3905000091,0.1160999984,2.3866999149,0.7896999717,0.5896000266
4586.6302532,98.550498962,0.3337000012,0.0104,-1.320299983,0.9991000295,0.0013
4586.7826532,96.635498047,0.307099998,0.1299999952,2.3949999809,0.7300000191,0.3923000097
4586.9350532,95.165298462,0.3165999949,0.1259000003,2.3947999477,0.6534000039,0.4284999967
4587.0874532,91.371200562,0.2721999884,0.1527999938,2.345099926,0.5281999707,0.3874999881
4587.2398532,91.725402832,0.2788000107,0.1498000026,2.3589999676,0.511500001,0.3098999858
4587.3922532,97.248497009,0.3249000013,0.0870999992,2.4788999557,0.6909999847,0.3113000095
4587.5446532,102.14710236,0.3102999926,0.1984000057,2.2671999931,0.3450999856,0.2467000037
4587.6970532,109.56780243,0.2569999993,0.2714000046,2.1361000538,0.2463999987,0.1137999967
4587.8494532,113.20300293,0.3052000105,0.2904999852,2.0869998932,0.2123000026,0.1937000006
4588.0018532,110.11599731,0.2992999852,0.2511999905,2.1579999924,0.2237000018,0.2416999936
4588.1542532,105.59580231,0.3253000081,0.2362000048,2.1861000061,0.2257000059,0.2610999942
4588.3066532,102.33820343,0.3546000123,0.1731999964,2.3099999428,0.2809000015,0.2578000128
4588.4590532,101.5530014,0.2561999857,0.1700000018,2.3150000572,0.2797999978,0.2673000097
4588.6114532,102.27429962,0.3377999961,0.1854999959,2.2978000641,0.2720000148,0.1596000046
4588.7638532,104.69249725,0.3379999995,0.2382999957,2.1968998909,0.2220000029,0.1327999979
4588.9162532,107.69609833,0.3941999972,0.2574999928,2.1600000858,0.2099000067,0.1257999986
4589.0686531,110.12239838,0.3145000041,0.2619000077,2.157900095,0.2189999968,0.0781000033
4589.2210531,112.32150269,0.3131000102,0.2790000141,2.1120998859,0.2128999978,0.1784999967
4589.3734531,113.07489777,0.3005000055,0.2684000134,2.1352000237,0.2287999988,0.1683000028
4589.5258531,111.12239838,0.3413999975,0.2437999994,2.1870999336,0.2545999885,0.1462000012
4589.6782531,107.71070099,0.309799999,0.224999994,2.218100071,0.2759999931,0.2002999932
4589.8306531,103.74060059,0.2301000059,0.2138999999,2.242000103,0.2940999866,0.1762000024
4589.9830531,102.5664978,0.2773000002,0.238499999,2.1940999031,0.2707000077,0.1785999984
4590.1354531,105.1085968,0.2745999992,0.2395000011,2.1930000782,0.2612999976,0.1664000005
4590.2878531,108.20529938,0.3300999999,0.2651000023,2.1429998875,0.2294999957,0.1588999927
4590.4402531,111.63200378,0.2921999991,0.2509999871,2.1649999619,0.2389999926,0.1997999996
4590.5926531,113.36199951,0.3639000058,0.28549999,2.1029999256,0.2204000056,0.1606000066
4590.7450531,113.01190186,0.4014999866,0.28580001,2.0889999866,0.2198999971,0.2734000087
4590.8974531,112.80740356,0.3937000036,0.2639999986,2.117000103,0.2334000021,0.3925000131
4591.0498531,113.24359894,0.3890999854,0.2442999929,2.1470000744,0.2409999967,0.4600999951
4591.2022531,114.50180054,0.4496000111,0.2285999954,2.1649999619,0.243900001,0.5691999793
4591.3546531,117.4151001,0.4954000115,0.2203000039,2.1891000271,0.2578999996,0.5120000243
4591.5070531,120.93270111,0.4034000039,0.2050999999,2.217799902,0.2630000114,0.5149999857
4591.6594531,122.47579956,0.3657000065,0.2497999966,2.1429998875,0.2360000014,0.4011000097
4591.8118531,123.84739685,0.4393999875,0.2365999967,2.1479001045,0.2236000001,0.5674999952
4591.9642531,123.01000214,0.6126999855,0.2587000132,2.1171000004,0.2087000012,0.4681999981
4592.1166531,124.16950226,0.4508999884,0.2481999993,2.135999918,0.2087000012,0.4797999859
4592.269053,127.646698,0.3655000031,0.2585000098,2.1270999908,0.2181999981,0.3824000061
4592.421453,129.9427948,0.4469000101,0.2434999943,2.1489999294,0.2441000044,0.4666999876
4592.573853,131.1053009,0.5156000257,0.2612000108,2.1091001034,0.2538999915,0.5250999928
4592.726253,128.57969666,0.5741999745,0.2709000111,2.0969998837,0.2863000035,0.4921999872
4592.878653,125.86190033,0.4833999872,0.2494000047,2.1259999275,0.3183000088,0.6093000174
4593.031053,123.76599884,0.6977000237,0.1985000074,2.2139999866,0.3781000078,0.7164000273
4593.183453,122.34200287,0.4824999869,0.1344999969,2.3280000687,0.4808999896,0.804799974
4593.335853,122.08409882,0.4821000099,0.1297000051,2.3340001106,0.5152999759,0.8411999941
4593.488253,119.95159912,0.4185000062,0.1071999967,2.3968999386,0.6722000241,0.7021999955
4593.640653,116.93959808,0.5268999934,0.1589999944,2.3050000668,0.5608999729,0.6502000093
4593.793053,116.61070251,0.4806999862,0.1560000032,2.3041000366,0.5457999706,0.6973000169
4593.945453,116.40709686,0.5052999854,0.127700001,2.3678998947,0.6452000141,0.628000021
4594.097853,109.06520081,0.6017000079,0.1597000062,2.3227000237,0.6287999749,0.5177000165
4594.250253,104.74279785,0.4896000028,0.2334000021,2.1932001114,0.5303000212,0.4300000072
4594.402653,104.28849792,0.4702000022,0.1836999953,2.2651998997,0.586499989,0.6187000275
4594.555053,104.13089752,0.5544000268,0.1325999945,2.3241000175,0.5852000117,0.9067000151
4594.707453,111.5388031,0.6873000264,0.1040000021,2.3559000492,0.575699985,1.0746999979
4594.859853,116.28710175,0.5001000166,0.1229000017,2.34010005,0.6008999944,0.9251999855
4595.012253,115.58630371,0.5087000132,0.1196999997,2.3570001125,0.6452999711,0.8460000157
4595.164653,114.79720306,0.5684000254,0.1033999994,2.3898999691,0.6833999753,0.8246999979
4595.3170529,114.71910095,0.5018000007,0.1048000008,2.385999918,0.6484000087,0.825699985
4595.4694529,115.90599823,0.4709999859,0.1089000031,2.3989999294,0.674300015,0.6600000262
4595.6218529,117.17639923,0.4474999905,0.1659000069,2.3059999943,0.5177999735,0.513899982
4595.7742529,119.81199646,0.4205000103,0.2172999978,2.2000000477,0.3765999973,0.5321000218
4595.9266529,122.33799744,0.5460000038,0.2478999943,2.1410000324,0.3057999909,0.5019000173
4596.0790529,122.63639832,0.418900013,0.2894999981,2.0659999847,0.2508000135,0.4183999896
4596.2314529,121.65399933,0.4043000042,0.2991999984,2.0510001183,0.2273000032,0.3686999977
4596.3838529,119.72989655,0.3626999855,0.2867000103,2.0810000896,0.2282000035,0.3192999959
4596.5362529,118.23439789,0.4821000099,0.2648000121,2.1019999981,0.2237000018,0.5066000223
4596.6886529,117.87419891,0.4790999889,0.2687000036,2.092099905,0.2197999954,0.521600008
4596.8410529,120.79389954,0.3795000017,0.2633999884,2.1161000729,0.2268999964,0.4013999999
4596.9934529,119.54589844,0.3858999908,0.2407999933,2.1521999836,0.2236000001,0.4603999853
4597.1458529,117.40750122,0.404700011,0.1950999945,2.2360999584,0.2494000047,0.5167999864
4597.2982529,116.63009644,0.3705999851,0.1844000071,2.2627999783,0.2649999857,0.4704000056
4597.4506529,113.88400269,0.3427999914,0.2182999998,2.2188000679,0.2529999912,0.2896000147
4597.6030529,115.64659882,0.3734999895,0.2506999969,2.1716001034,0.2336000055,0.1530999988
4597.7554529,119.01830292,0.3077000082,0.2930999994,2.0801999569,0.1905999929,0.1931000054
4597.9078529,120.52899933,0.3382999897,0.2743999958,2.1029999256,0.1727000028,0.2944999933
4598.0602529,119.0114975,0.3849999905,0.2727000117,2.1019999981,0.1581999958,0.3305999935
4598.2126529,117.65779877,0.4162999988,0.28549999,2.0850000381,0.1455000043,0.260800004
4598.3650529,115.86399841,0.3084999919,0.2926000059,2.0759999752,0.1353999972,0.1963
4598.5174528,116.9280014,0.3055000007,0.3014999926,2.0610001087,0.1283999979,0.1720000058
4598.6698528,119.69619751,0.3055999875,0.2894000113,2.0920000076,0.1297000051,0.1238999963
4598.8222528,120.08480072,0.3282999992,0.2919999957,2.0869998932,0.1247000024,0.1231999993
4598.9746528,120.94629669,0.300999999,0.2904999852,2.0799999237,0.118900001,0.1850000024
4599.1270528,120.395401,0.3612000048,0.2836999893,2.0840001106,0.1141000018,0.268900007
4599.2794528,121.86509705,0.4165999889,0.2759000063,2.0878000259,0.1098999977,0.3668000102
4599.4318528,124.94329834,0.3889999986,0.3303999901,1.9881999493,0.0970000029,0.2836000025
4599.5842528,123.38780212,0.3853999972,0.2754000127,2.0929999352,0.1146000028,0.3310000002
4599.7366528,123.65730286,0.3840999901,0.2761000097,2.0973000526,0.118900001,0.2921000123
4599.8890528,119.24469757,0.3172999918,0.2396000028,2.1854999065,0.1388999969,0.1599999964
4600.0414528,113.4048996,0.33919999,0.3149000108,2.0541000366,0.1116999984,0.0175999999
4600.1938528,114.14520264,0.3289999962,0.3007999957,2.070100069,0.115199998,0.1155000031
4600.3462528,112.7594986,0.2484000027,0.2985000014,2.0829999447,0.1181000024,0.0406000018
4600.4986528,114.686203,0.2913999856,0.2829999924,2.0980000496,0.1226999983,0.1605000049
4600.6510528,118.24710083,0.320600003,0.2795999944,2.1080000401,0.1216000021,0.1484999955
4600.8034528,118.61869812,0.3361000121,0.2781000137,2.1119999886,0.1150999963,0.1339000016
4600.9558528,117.05000305,0.2802999914,0.269600004,2.131000042,0.1099999994,0.1049000025
4601.1082528,117.91200256,0.3203000128,0.2561999857,2.1489999294,0.1088000014,0.1789000034
4601.2606528,118.96199799,0.2662999928,0.2492000014,2.1610000134,0.1111000031,0.1782000065
4601.4130528,119.55970001,0.3131999969,0.2741999924,2.1050000191,0.1039000005,0.234799996
4601.5654527,120.50250244,0.3357999921,0.2728999853,2.1159999371,0.1111999974,0.1831
4601.7178527,122.72920227,0.3734999895,0.2915000021,2.0771000385,0.108099997,0.2035000026
4601.8702527,123.50720215,0.3348999918,0.2666000128,2.1199998856,0.1203000024,0.2513999939
4602.0226527,124.67610168,0.3199000061,0.252700001,2.1419999599,0.1432999969,0.3014000058
4602.1750527,125.1631012,0.3113999963,0.256099999,2.1380000114,0.1389999986,0.27669999
4602.3274527,122.48940277,0.3512000144,0.2657000124,2.1206998825,0.1315000057,0.2709999979
4602.4798527,121.2621994,0.3971999884,0.3197000027,2.0229001045,0.1052000001,0.1941000074
4602.6322527,120.44319916,0.2933000028,0.3440999985,1.9921000004,0.0940999985,0.0394000001
4602.7846527,122.39559937,0.3443999887,0.3190000057,2.0229001045,0.0926999971,0.1821999997
4602.9370527,127.94909668,0.3300000131,0.3265999854,2.007999897,0.0859000012,0.1704999954
4603.0894527,129.18699646,0.3652000129,0.3079000115,2.05189991,0.0878000036,0.1315000057
4603.2418527,127.6529007,0.3407000005,0.3061999977,2.0450000763,0.0882999972,0.2038999945
4603.3942527,125.02929688,0.3282000124,0.2743999958,2.1089000702,0.0952999964,0.2036000043
4603.5466527,120.28530121,0.4296999872,0.271299988,2.1150000095,0.0938000008,0.2067999989
4603.6990527,119.53399658,0.2887000144,0.2646999955,2.128000021,0.0984999985,0.1923000067
4603.8514527,122.04499817,0.3172000051,0.3037,2.0510001183,0.0908999965,0.1914000064
4604.0038527,123.69789886,0.2980999947,0.3174999952,2.0350000858,0.0918999985,0.1033999994
4604.1562527,121.90480042,0.3420000076,0.3140999973,2.0460000038,0.1027000025,0.0909999982
4604.3086527,119.71260071,0.3075999916,0.3276000023,2.0141000748,0.1076000035,0.1225000024
4604.4610527,120.17579651,0.4322000146,0.2913999856,2.0699999332,0.1154000014,0.2696999907
4604.6134527,122.39659882,0.3287999928,0.284799993,2.0829000473,0.1165999994,0.2538999915
4604.7658526,127.46130371,0.3477999866,0.301699996,2.0490000248,0.1116999984,0.2574999928
4604.9182526,131.22390747,0.4699999988,0.3084999919,2.0478000641,0.1137000024,0.1752000004
4605.0706526,130.47740173,0.3217000067,0.3456999958,1.9801000357,0.1094999984,0.1141000018
4605.2230526,127.45839691,0.3975999951,0.3314999938,2.0050001144,0.1142000034,0.1589999944
4605.3754526,123.38960266,0.3231000006,0.3280999959,2.0102000237,0.1172999963,0.1536999941
4605.5278526,122.03289795,0.3300000131,0.2982000113,2.0608000755,0.1303000003,0.2287999988
4605.6802526,120.84909821,0.3614000082,0.3203000128,2.0151000023,0.1257999986,0.2478999943
4605.8326526,120.44850159,0.4004000127,0.2712000012,2.0919001102,0.1388999969,0.4181999862
4605.9850526,121.9375,0.4620999992,0.2684000134,2.0899999142,0.143900007,0.4925999939
4606.1374526,123.15319824,0.4088000059,0.2369000018,2.1540000439,0.1643999964,0.4778000116
4606.2898526,126.31900024,0.4056999981,0.2485000044,2.1459999084,0.1655000001,0.3630000055
4606.4422526,130.3730011,0.4499999881,0.252700001,2.1380000114,0.1657000035,0.3619000018
4606.5946526,130.75120544,0.4063999951,0.2942000031,2.0659999847,0.1518999934,0.2838999927
4606.7470526,129.0980072,0.3666999936,0.3370999992,1.9859999418,0.1344999969,0.2243999988
4606.8994526,126.72730255,0.4016000032,0.3506000042,1.9541000128,0.1196999997,0.2578000128
4607.0518526,125.37280273,0.4352000058,0.3068000078,2.0309998989,0.115199998,0.33950001
4607.2042526,126.52210236,0.3700999916,0.3003000021,2.0610001087,0.1158000007,0.1997999996
4607.3566526,129.66459656,0.453700006,0.3068000078,2.05189991,0.116899997,0.1708000004
4607.5090526,134.6342926,0.4361000061,0.3165000081,2.0199999809,0.1155000031,0.2786999941
4607.6614526,135.11399841,0.4345999956,0.3215000033,2.0058999062,0.1404000074,0.326700002
4607.8138525,133.16319275,0.3513999879,0.3395999968,1.9871000051,0.1533000022,0.1878000051
4607.9662525,131.73869324,0.3837000132,0.3172000051,2.0174999237,0.1516000032,0.2985999882
4608.1186525,126.66539764,0.4866999984,0.2477000058,2.1558001041,0.1854999959,0.3052000105
4608.2710525,123.41210175,0.3783000112,0.2745000124,2.1061000824,0.181400001,0.2870000005
4608.4234525,122.06700134,0.3813000023,0.2565000057,2.138999939,0.1937000006,0.309799999
4608.5758525,120.5746994,0.3359000087,0.295599997,2.0710999966,0.1683000028,0.2178999931
4608.7282525,119.91449738,0.3280000091,0.2757000029,2.1210000515,0.159799993,0.1278000027
4608.8806525,121.25700378,0.2917999923,0.3265999854,2.0239999294,0.1185000017,0.0719999969
4609.0330525,121.48100281,0.2799000144,0.3138000071,2.0480000973,0.1111000031,0.074000001
4609.1854525,120.13999939,0.3134000003,0.3197000027,2.0320000648,0.0892999992,0.0964000002
4609.3378525,120.04979706,0.2678000033,0.3061999977,2.0599999428,0.061900001,0.0647
4609.4902525,118.43540192,0.2930000126,0.3068999946,2.0529999733,0.0593999997,0.1040999964
4609.6426525,117.87120056,0.3102000058,0.3039999902,2.0559999943,0.0615999997,0.132100001
4609.7950525,119.36720276,0.2809999883,0.3203999996,2.0320000648,0.058699999,0.0623000003
4609.9474525,120.01180267,0.3815000057,0.3064999878,2.0490000248,0.0628999993,0.1618999988
4610.0998525,119.46769714,0.2635999918,0.3129999936,2.0501000881,0.0659999996,0.0421000011
4610.2522525,117.37590027,0.315200001,0.2906000018,2.0818998814,0.0707999989,0.1459999979
4610.4046525,112.56349945,0.2802999914,0.3111000061,2.049200058,0.0698999986,0.0777999982
4610.5570525,110.30619812,0.2967999876,0.2775999904,2.1168000698,0.0791999996,0.0798999965
4610.7094525,111.17649841,0.2825999856,0.301699996,2.0671000481,0.074500002,0.0843999982
4610.8618525,112.79979706,0.3124000132,0.2876999974,2.0989000797,0.0790999979,0.0644999966
4611.0142524,116.37719727,0.3808999956,0.2964999974,2.0750000477,0.0782999992,0.117899999
4611.1666524,118.16970062,0.2879999876,0.2953000069,2.0739998817,0.0786999986,0.1280000061
4611.3190524,118.6026001,0.2948000133,0.3093999922,2.0480000973,0.075000003,0.1133000031
4611.4714524,119.41760254,0.2606999874,0.3208999932,2.0380001068,0.0715999976,0.0199999996
4611.6238524,118.37999725,0.2998000085,0.3073999882,2.0559999943,0.0733999982,0.0843999982
4611.7762524,115.57099915,0.2201000005,0.2910999954,2.0999999046,0.0800999999,0
4611.9286524,111.99210358,0.2680000067,0.2619000077,2.1470000744,0.0952999964,0.0895999968
4612.0810524,108.67870331,0.2667999864,0.2635999918,2.135999918,0.1089000031,0.1498000026
4612.2334524,107.30840302,0.2863000035,0.2371000051,2.1779999733,0.127700001,0.2440000027
4612.3858524,108.39050293,0.3228000104,0.2366999984,2.1679999828,0.1360000074,0.339899987
4612.5382524,109.86360168,0.3544999957,0.2395000011,2.1559000015,0.1404999942,0.3991999924
4612.6906524,111.58180237,0.3635999858,0.2757999897,2.0910000801,0.1316999942,0.3434999883
4612.8430524,111.08280182,0.3093000054,0.2743999958,2.1071999073,0.1386000067,0.2352000028
4612.9954524,109.2457962,0.3305000067,0.2267999947,2.1868999004,0.1537999958,0.3569999933
4613.1478524,108.2480011,0.2827000022,0.2549000084,2.1563000679,0.1465999931,0.1553999931
4613.3002524,106.01170349,0.288500011,0.3697000146,1.9486999512,0.1061000004,0.0003
4613.4526524,106.45059967,0.2451000065,0.27700001,2.1201000214,0.1220000014,0.0780000016
4613.6050524,107.30149841,0.2734999955,0.2583999932,2.1480000019,0.1084999964,0.1405999959
4613.7574524,106.2684021,0.2757999897,0.2633999884,2.1470000744,0.0914999992,0.0675000027
4613.9098524,106.65059662,0.2517000139,0.2691000104,2.132999897,0.0759999976,0.0700000003
4614.0622524,105.58670044,0.2506000102,0.2799000144,2.1180000305,0.0650999993,0.0198999997
4614.2146523,105.08300018,0.2709000111,0.2949000001,2.0799999237,0.0592,0.0777999982
4614.3670523,107.93599701,0.248300001,0.3226000071,2.0360000134,0.0538999997,0
4614.5194523,106.90409851,0.1784999967,0.2892000079,2.1019999981,0.0584999993,0
4614.6718523,102.74669647,0.2034000009,0.2779999971,2.1240999699,0.0595999993,0
4614.8242523,96.286102295,0.191200003,0.2014999986,2.2699999809,0.0778999999,0.0425000004
4614.9766523,89.678901672,0.1981000006,0.1890999973,2.2888000011,0.0864000022,0.0904999971
4615.1290523,88.312301636,0.2326000035,0.2498999983,2.1651000977,0.0697999969,0.1079000011
4615.2814523,91.06590271,0.1949999928,0.2298000008,2.2128999233,0.0789000019,0.0516999997
4615.4338523,96.697402954,0.1791999936,0.2626999915,2.1551001072,0.0727000013,0.0001
4615.5862523,99.855499268,0.2578000128,0.2506999969,2.1740000248,0.0773999989,0.0401999988
4615.7386523,100.99990082,0.2470999956,0.2549999952,2.1619000435,0.0760999992,0.0644999966
4615.8910523,102.42870331,0.2052000016,0.2671999931,2.1440000534,0.0741000026,0.0164000001
4616.0434523,101.8164978,0.2173999995,0.2633999884,2.1491000652,0.0795999989,0.0366000012
4616.1958523,100.9776001,0.210800007,0.2547999918,2.1649999619,0.0980999991,0.0531000011
4616.3482523,101.02890015,0.2196000069,0.2443999946,2.1819999218,0.1284999996,0.0923999995
4616.5006523,99.116203308,0.2280000001,0.2480999976,2.1749999523,0.1507000029,0.1020999998
4616.6530523,97.630203247,0.2851999998,0.224999994,2.2170000076,0.1890999973,0.1609999985
4616.8054523,97.519996643,0.3239000142,0.201000005,2.243999958,0.2127999961,0.3346999884
4616.9578523,99.473999023,0.3113999963,0.1799000055,2.2730000019,0.2305999994,0.4327999949
4617.1102523,103.04499817,0.41049999,0.2213000059,2.1800000668,0.199000001,0.5306000113
4617.2626522,108.2390976,0.4056999981,0.2425999939,2.1670000553,0.2123000026,0.3104000092
4617.4150522,112.69589996,0.416200012,0.2422000021,2.1709001064,0.2170999944,0.2861999869
4617.5674522,114.5243988,0.3535000086,0.2750999928,2.101099968,0.1948000044,0.3156999946
4617.7198522,115.51100159,0.3993999958,0.2500999868,2.1540000439,0.2084999979,0.2955000103
4617.8722522,116.63279724,0.3799000084,0.2567999959,2.148900032,0.2097000033,0.2308000028
4618.0246522,122.97859955,0.3822000027,0.2820000052,2.0998001099,0.1982000023,0.2295999974
4618.1770522,125.20220184,0.4153999984,0.3269000053,2.0021998882,0.1743000001,0.2944999933
4618.3294522,129.38560486,0.3978999853,0.2899000049,2.0631999969,0.1835000068,0.3846000135
4618.4818522,130.44790649,0.4111000001,0.2588,2.1145000458,0.1903000027,0.4650999904
4618.6342522,118.36419678,0.3348999918,0.1986999959,2.2409999371,0.2337000072,0.4058000147
4618.7866522,115.15570068,0.3795999885,0.2083999962,2.2439000607,0.2388000041,0.2290000021
4618.9390522,108.69869995,0.3670000136,0.2241999954,2.2269999981,0.2286999971,0.1114000008
4619.0914522,104.93289948,0.2628999949,0.2639000118,2.1500999928,0.1932999939,0.0905999988
4619.2438522,109.00319672,0.2694000006,0.296299994,2.0861001015,0.167899996,0.0802000016
4619.3962522,107.84259796,0.2763000131,0.2693000138,2.1380000114,0.1689999998,0.0908999965
4619.5486522,107.1230011,0.3048999906,0.239199996,2.1949999332,0.1633999944,0.1006999984
4619.7010522,105.0039978,0.2725000083,0.268599987,2.1440000534,0.1360999942,0.0340000018
4619.8534522,103.68779755,0.3215999901,0.260800004,2.1570000648,0.1368999928,0.0533000007
4620.0058522,103.37860107,0.2166000009,0.2481999993,2.1779999733,0.1488000005,0.0785999969
4620.1582522,104.0727005,0.2558999956,0.2718000114,2.131000042,0.1515000015,0.0886000022
4620.3106522,105.42569733,0.2406000048,0.2610999942,2.1521000862,0.1800999939,0.1010999978
4620.4630521,105.87249756,0.2345000058,0.234799996,2.2058999538,0.2222000062,0.1083000004
4620.6154521,105.13339996,0.2340999991,0.2585000098,2.1621000767,0.2316000015,0.0931999981
4620.7678521,103.64880371,0.2644000053,0.2349999994,2.209100008,0.2745000124,0.1140000001
4620.9202521,102.5,0.3312000036,0.2246000022,2.2300000191,0.3048999906,0.1209999993
4621.0726521,102.5109024,0.2682999969,0.2208999991,2.2221000195,0.3057999909,0.2400999963
4621.2250521,102.48880005,0.2870000005,0.2117999941,2.241699934,0.3177999854,0.2345999926
4621.3774521,102.44730377,0.2978999913,0.2533000112,2.17689991,0.2881000042,0.0998999998
4621.5298521,103.94029999,0.273999989,0.2646999955,2.1559998989,0.284799993,0.0908000022
4621.6822521,105.63960266,0.2506000102,0.2720000148,2.1419999599,0.2904999852,0.0857999995
4621.8346521,107.58989716,0.2926999927,0.2680000067,2.135999918,0.2818999887,0.193900004
4621.9870521,110.78279877,0.2628000081,0.2495000064,2.1740000248,0.2813999951,0.1703999937
4622.1394521,112.4280014,0.391900003,0.2363000065,2.1849999428,0.271600008,0.2944000065
4622.2918521,113.1989975,0.3842999935,0.2703000009,2.132999897,0.2511000037,0.173299998
4622.4442521,114.80529785,0.3028999865,0.3021000028,2.0699999332,0.2334000021,0.1653999984
4622.5966521,115.5184021,0.3262000084,0.2890999913,2.0999000072,0.2520000041,0.1497000009
4622.7490521,116.0184021,0.3228999972,0.3246999979,2.0309998989,0.2337000072,0.1316999942
4622.9014521,115.5326004,0.402700007,0.3063000143,2.0650000572,0.2326000035,0.1526000053
4623.0538521,113.96839905,0.2782000005,0.3079000115,2.0680000782,0.2210000008,0.0824000016
4623.2062521,113.11640167,0.3384999931,0.3176000118,2.0429999828,0.2011000067,0.1289000064
4623.3586521,111.99089813,0.3377999961,0.3116999865,2.0620000362,0.196600005,0.0640999973
4623.511052,111.5861969,0.3061000109,0.3048000038,2.0720000267,0.1938000023,0.0870999992
4623.663452,111.99919891,0.2838000059,0.3003000021,2.0789999962,0.1919,0.0887999982
4623.815852,112.06690216,0.2612999976,0.2976000011,2.0868999958,0.1905000061,0.068599999
4623.968252,112.04019928,0.3190000057,0.3115000129,2.0559000969,0.1836999953,0.1048000008
4624.120652,112.56700134,0.3156999946,0.3208000064,2.0420000553,0.1825000048,0.0707999989
4624.273052,112.41919708,0.2960000038,0.3005999923,2.0729999542,0.1938000023,0.1336999983
4624.425452,111.66790009,0.3693999946,0.2863999903,2.1029999256,0.2034000009,0.1351999938
4624.577852,111.04350281,0.3018000126,0.3014000058,2.0789999962,0.2040999979,0.0900999978
4624.730252,110.49430084,0.3050999939,0.2870000005,2.1019999981,0.2088000029,0.133100003
4624.882652,110.59899902,0.3400999904,0.2824999988,2.114000082,0.2169000059,0.114699997
4625.035052,110.97499847,0.2657999992,0.2883999944,2.1029999256,0.2164999992,0.0970999971
4625.187452,110.84850311,0.3055000007,0.3079999983,2.0590000153,0.2075999975,0.1444000006
4625.339852,110.12339783,0.358099997,0.293900013,2.0910000801,0.2197999954,0.1242000014
4625.492252,108.54810333,0.3001999855,0.2763000131,2.1270000935,0.2434999943,0.1224000007
4625.644652,107.92620087,0.2728999853,0.2644000053,2.1449999809,0.2579999864,0.1606999934
4625.797052,108.01979828,0.3070000112,0.2743999958,2.128000021,0.2574000061,0.1536000073
4625.949452,107.94979858,0.2948000133,0.2752000093,2.121999979,0.2624000013,0.1829999983
4626.101852,111.04039764,0.3662999868,0.2797999978,2.117000103,0.2732999921,0.1709000021
4626.254252,111.16429901,0.3910000026,0.2829000056,2.1159999371,0.2933999896,0.1427000016
4626.406652,110.33809662,0.4124000072,0.2815000117,2.1259000301,0.3368999958,0.1132000014
4626.559052,108.69309998,0.5202000141,0.2906999886,2.094700098,0.3479000032,0.2370000035
4626.7114519,104.69539642,0.3720000088,0.1932999939,2.2660999298,0.4785000086,0.4065000117
4626.8638519,102.94789886,0.4515999854,0.1765999943,2.2809998989,0.4927999973,0.5490000248
4627.0162519,103.81780243,0.4117000103,0.1410000026,2.3548998833,0.6006000042,0.5177999735
4627.1686519,106.60230255,0.4523999989,0.1472000033,2.3369998932,0.5767999887,0.5649999976
4627.3210519,109.30339813,0.4352999926,0.1744000018,2.2999999523,0.5659999847,0.4555000067
4627.4734519,113.60299683,0.4726999998,0.1942999959,2.2630000114,0.5339000225,0.4449999928
4627.6258519,115.36299896,0.5210999846,0.2169000059,2.2179999352,0.4880999923,0.4503999949
4627.7782519,116.40170288,0.3185000122,0.2615999877,2.1510000229,0.4388000071,0.2802999914
4627.9306519,117.65049744,0.4262999892,0.2289000005,2.1979000568,0.4467000067,0.4077000022
4628.0830519,117.09100342,0.4059000015,0.2633999884,2.128000021,0.3855000138,0.4138999879
4628.2354519,117.07679749,0.3704000115,0.2544000149,2.156899929,0.40169999,0.3249999881
4628.3878519,116.93810272,0.4133000076,0.2709000111,2.118999958,0.3770000041,0.3675000072
4628.5402519,116.47149658,0.3768000007,0.2703999877,2.1252999306,0.3898000121,0.3296000063
4628.6926519,116.24430084,0.4873000085,0.2088000029,2.2379000187,0.4577000141,0.3905000091
4628.8450519,115.61219788,0.4271999896,0.2211000025,2.2058999538,0.4264999926,0.4510999918
4628.9974519,116.95770264,0.4296000004,0.2302999943,2.1800000668,0.4045999944,0.5127999783
4629.1498519,118.58950043,0.4232000113,0.2311999947,2.1819000244,0.409799993,0.4848000109
4629.3022519,120.02030182,0.476000011,0.2417999953,2.1679000854,0.4011000097,0.4311999977
4629.4546519,121.04709625,0.3820999861,0.2592000067,2.1419999599,0.3774999976,0.3574000001
4629.6070519,122.29519653,0.3982999921,0.2547000051,2.1519999504,0.3707999885,0.342200011
4629.7594518,121.04440308,0.3822999895,0.2533000112,2.1570000648,0.3630999923,0.3172000051
4629.9118518,120.53140259,0.3894999921,0.2728999853,2.111000061,0.3303000033,0.3677000105
4630.0642518,122.28700256,0.4260999858,0.2838000059,2.0980000496,0.3251999915,0.3041000068
4630.2166518,121.19799805,0.4282000065,0.2754999995,2.1080000401,0.326700002,0.3529999852
4630.3690518,122.45500183,0.4670000076,0.2933000028,2.0799999237,0.3147000074,0.2960000038
4630.5214518,123.42500305,0.4088999927,0.2854000032,2.0959999561,0.3210999966,0.2926000059
4630.6738518,124.72229767,0.3716999888,0.2786999941,2.1040000916,0.3235999942,0.3273000121
4630.8262518,121.44470215,0.4309000075,0.2829000056,2.0961999893,0.3176000118,0.3278999925
4630.9786518,125.90699768,0.4808000028,0.2153999954,2.2132999897,0.3639999926,0.4431999922
4631.1310518,125.90229797,0.3650999963,0.1315000057,2.3854999542,0.52700001,0.3761999905
4631.2834518,120.66729736,0.4541000128,0.2452999949,2.1709001064,0.3362999856,0.3089999855
4631.4358518,121.51319885,0.4451000094,0.2761999965,2.1277999878,0.317900002,0.1676999927
4631.5882518,114.18520355,0.3528000116,0.298299998,2.0718998909,0.28580001,0.2536000013
4631.7406518,110.96489716,0.3776000142,0.3097000122,2.0569999218,0.2680000067,0.1925999969
4631.8930518,111.47290039,0.3204999864,0.3034000099,2.0662000179,0.2619999945,0.1986999959
4632.0454518,112.68260193,0.3817000091,0.2741999924,2.1048998833,0.2639000118,0.3504000008
4632.1978518,113.40390015,0.3127999902,0.2249000072,2.201800108,0.2987999916,0.3436000049
4632.3502518,114.71340179,0.3914999962,0.2745000124,2.1020998955,0.248300001,0.3598999977
4632.5026518,117.22190094,0.3433000147,0.2775000036,2.1029999256,0.2504000068,0.2985000014
4632.6550518,119.42890167,0.4602999985,0.2921999991,2.0789999962,0.236499995,0.2657999992
4632.8074518,117.08899689,0.2917000055,0.3269999921,2.0320000648,0.2133000046,0.0709000006
4632.9598517,112.47100067,0.3709999919,0.3474000096,1.9859999418,0.1924999952,0.1186999977
4633.1122517,112.76809692,0.3716000021,0.2833000124,2.1099998951,0.2185000032,0.136500001
4633.2646517,111.37039948,0.2730999887,0.3007000089,2.0799999237,0.2073999941,0.0869000033
4633.4170517,112.75720215,0.3073999882,0.3068999946,2.0629000664,0.2003999949,0.1279000044
4633.5694517,115.11519623,0.3431999981,0.328399986,2.0260999203,0.1924999952,0.0922999978
4633.7218517,109.48870087,0.3170000017,0.2876000106,2.1091001034,0.2219000012,0.0759999976
4633.8742517,106.04869843,0.2960999906,0.2639000118,2.154900074,0.2431000024,0.0872000009
4634.0266517,107.14630127,0.3156000078,0.2797999978,2.1191000938,0.2322999984,0.1254000068
4634.1790517,110.07180023,0.3549000025,0.2563999891,2.1707999706,0.2498999983,0.0790999979
4634.3314517,115.00270081,0.4023000002,0.2944999933,2.0959000587,0.2240000069,0.077200003
4634.4838517,117.69650269,0.3718999922,0.3127999902,2.0559999943,0.2153999954,0.1119000018
4634.6362517,117.8167038,0.3605999947,0.3127000034,2.0510001183,0.2162999958,0.1556999981
4634.7886517,116.3635025,0.3197999895,0.3163999915,2.0399999619,0.2146999985,0.1704999954
4634.9410517,114.78410339,0.3118999898,0.3165999949,2.0490000248,0.2193000019,0.1035000011
4635.0934517,113.61509705,0.3323999941,0.3199000061,2.0339999199,0.2160000056,0.1686999947
4635.2458517,112.79750061,0.3529999852,0.3242000043,2.0329999924,0.2167000026,0.121799998
4635.3982517,113.01899719,0.3188000023,0.3086000085,2.0699999332,0.2277999967,0.0700000003
4635.5506517,113.70200348,0.3217999935,0.3046999872,2.0710000992,0.2291000038,0.123300001
4635.7030517,114.82769775,0.3756000102,0.2917999923,2.0959999561,0.2368000001,0.1300999969
4635.8554517,116.26789856,0.3610999882,0.3201000094,2.0420000553,0.2194000036,0.1147999987
4636.0078516,117.34690094,0.3093000054,0.3215999901,2.0339999199,0.2169000059,0.138500005
4636.1602516,118.0562973,0.3082999885,0.3246000111,2.0290000439,0.2144999951,0.1301999986
4636.3126516,118.85759735,0.3657000065,0.3231999874,2.0290000439,0.2150000036,0.1683000028
4636.4650516,121.68270111,0.329400003,0.3368999958,2.0081000328,0.2113000005,0.1110000014
4636.6174516,122.8553009,0.3463999927,0.3190999925,2.040899992,0.2222000062,0.1388999969
4636.7698516,122.58049774,0.3186999857,0.3486000001,1.9860999584,0.2106000036,0.1023000032
4636.9222516,122.08999634,0.3668000102,0.3352999985,2.006000042,0.2123000026,0.1601999998
4637.0746516,118.89479828,0.4460999966,0.3431000113,1.9961999655,0.2099999934,0.1199000031
4637.2270516,117.54840088,0.3305000067,0.3129000068,2.049200058,0.2238000035,0.1633999944
4637.3794516,117.15370178,0.3734999895,0.2957000136,2.0868999958,0.2373999953,0.1437000036
4637.5318516,116.31220245,0.3064999878,0.3131999969,2.0559999943,0.2348999977,0.1105000004
4637.6842516,116.61070251,0.2784000039,0.3382999897,2.0199999809,0.2424000055,0.0207000002
4637.8366516,116.88780212,0.3461999893,0.3061999977,2.0699999332,0.2727000117,0.1425999999
4637.9890516,117.48999786,0.3560000062,0.3201000094,2.0420000553,0.2820000052,0.1611000001
4638.1414516,116.9980011,0.2910000086,0.3440999985,2.010999918,0.2831999958,0.0344999991
4638.2938516,114.73600006,0.3267999887,0.3174000084,2.0450000763,0.3014999926,0.1829999983
4638.4462516,114.98999786,0.2646999955,0.3109999895,2.0750999451,0.3160000145,0.0483999997
4638.5986516,105.44650269,0.190200001,0.2419999987,2.2160000801,0.40200001,0.0167999994
4638.7510516,95.90019989,0.1509000063,0.255400002,2.1919999123,0.3833999932,0
4638.9034516,84.420097351,0.1248999983,0.2727999985,2.1623001099,0.4190999866,0
4639.0558516,70.895797729,0.0973000005,0.1907999963,2.3224999905,0.5525000095,0.0004
4639.2082515,70.32800293,0.114699997,0.0485999994,2.5690999031,1,0.1684000045
4639.3606515,69.949401855,0.1647000015,0.0118000004,2.6201000214,1,0.2578999996
4639.5130515,75.197601318,0.2198999971,0.0007,2.6517000198,0.9986000061,0.2334000021
4639.6654515,87.423500061,0.240199998,0.2056999952,2.2713999748,0.5716999769,0.2134000063
4639.8178515,93.265403748,0.2906000018,0.1516000032,2.3710000515,0.7626000047,0.2836999893
4639.9702515,100.51750183,0.3030999899,0.1437000036,2.3815000057,0.7972999811,0.3285000026
4640.1226515,107.87409973,0.3540999889,0.2060000002,2.2632000446,0.6320000291,0.3161999881
4640.2750515,107.84600067,0.4293000102,0.2416999936,2.209100008,0.5935999751,0.2041999996
4640.4274515,109.86820221,0.3833999932,0.2657999992,2.1649999619,0.5795000196,0.1984000057
4640.5798515,113.52809906,0.3887999952,0.2885999978,2.125,0.5399000049,0.1573999971
4640.7322515,113.12400055,0.3212000132,0.2610000074,2.1800000668,0.5967000127,0.1578000039
4640.8846515,108.94000244,0.4126000106,0.235799998,2.2279999256,0.6578999758,0.1761000007
4641.0370515,109.67179871,0.3583999872,0.2678000033,2.1770000458,0.621999979,0.0960000008
4641.1894515,107.73149872,0.4156999886,0.2637000084,2.1839001179,0.6506999731,0.1207000017
4641.3418515,111.35340118,0.3416999876,0.3077000082,2.0850999355,0.5834000111,0.2328999937
4641.4942515,113.11949921,0.3197999895,0.2922999859,2.1291000843,0.635800004,0.1401000023
4641.6466515,108.7173996,0.383100003,0.2682000101,2.1730000973,0.6834999919,0.1694000065
4641.7990515,107.44080353,0.2430000007,0.2700000107,2.1793000698,0.6894000173,0.0881000012
4641.9514515,102.01210022,0.2624999881,0.1860000044,2.3157999516,0.8705999851,0.2998999953
4642.1038515,93.527397156,0.3156000078,0.2222000062,2.2365999222,0.7275999784,0.3549000025
4642.2562514,87.357398987,0.1802999973,0.1413999945,2.410200119,1,0.2018000036
4642.4086514,77.342201233,0.263500005,0.1004000008,2.4721000195,1,0.2587000132
4642.5610514,72.640197754,0.350699991,0.0881000012,2.4993000031,1,0.2011999935
4642.7134514,88.554100037,0.2858999968,0.0392999984,2.5708999634,1,0.2865000069
4642.8658514,105.1140976,0.6223000288,0.0099999998,1.8320000172,1,0.3386999965
4643.0182514,117.09079742,0.7092000246,0.0099999998,1.706099987,1,0.524699986
4643.1706514,120.35790253,0.6908000112,0.3055000007,2.0157999992,0.3998999894,0.7085999846
4643.3230514,109.30799866,0.4551999867,0.1561000049,2.2980000973,0.5852000117,0.7656999826
4643.4754514,95.025001526,0.3826000094,0.064000003,2.4649999142,0.8731999993,0.8159000278
4643.6278514,83.30039978,0.443599999,0,2.5883998871,0.9764000177,0.7718999982
4643.7802514,77.646598816,0.3686000109,0,3.3557999134,1,0.5727999806
4643.9326514,74.804100037,0.27669999,0,3.1616001129,1,0.4481999874
4644.0850514,73.263397217,0.3477999866,0,2.8236999512,1,0.5257999897
4644.2374514,77.986602783,0.3046999872,0.0001,2.6458001137,1,0.5173000097
4644.3898514,82.442298889,0.3034000099,0.0337000005,2.5448999405,1,0.5882999897
4644.5422514,86.040000916,0.337199986,0.0507000014,2.4997999668,0.9994999766,0.7315000296
4644.6946514,93.144897461,0.3941000104,0.0925000012,2.4181001186,0.8043000102,0.7810000181
4644.8470514,98.35849762,0.3542000055,0.0815000013,2.4479000568,0.9361000061,0.7214999795
4644.9994514,98.495101929,0.5953000188,0.0741000026,2.4161000252,0.7490000129,1.0597000122
4645.1518514,97.730201721,0.5720000267,0.0617999993,2.445100069,0.8550999761,1.0147000551
4645.3042514,94.410301208,0.8399999738,0.0432999991,2.4788999557,0.9833999872,1.013299942
4645.4566513,93.777900696,0.6474999785,0.0706999972,2.4370999336,0.9103000164,0.9646000266
4645.6090513,96.868400574,0.5784999728,0.0623999983,2.4579999447,0.9998999834,0.9225999713
4645.7614513,101.56829834,0.4275000095,0.1433999985,2.3350999355,0.8044999838,0.7347999811
4645.9138513,108.91200256,0.5924999714,0.131400004,2.3570001125,0.8458999991,0.7414000034
4646.0662513,112.89499664,0.475699991,0.0798999965,2.4440000057,1,0.7918999791
4646.2186513,115.08000183,0.4546000063,0.1271000057,2.3529999256,0.8008999825,0.824000001
4646.3710513,114.64900208,0.4453000128,0.0956000015,2.4230000973,0.9765999913,0.7404000163
4646.5234513,110.36000061,0.4325999916,0.1299999952,2.3570001125,0.8090999722,0.7472000122
4646.6758513,105.63569641,0.4654999971,0.1081999987,2.3782999516,0.7899000049,0.8841999769
4646.8282513,102.60710144,0.4555999935,0.0077999998,2.5808000565,1,0.6514999866
4646.9806513,100.48509979,0.4018000066,0.0579999983,2.4869000912,0.9998000264,0.7378000021
4647.1330513,104.21479797,0.4210000038,0.0709000006,2.4479000568,0.9161999822,0.8701999784
4647.2854513,107.28009796,0.3772999942,0.0929000005,2.4247999191,0.9024000168,0.744599998
4647.4378513,106.99759674,0.396299988,0.1422999948,2.3410999775,0.7581999898,0.6804999709
4647.5902513,109.30639648,0.3395999968,0.1338,2.3756999969,0.8743000031,0.5554000139
4647.7426513,107.76999664,0.2834999859,0.1933999956,2.2938001156,0.7792999744,0.3273999989
4647.8950513,108.01319885,0.3186999857,0.2169999927,2.2550001144,0.7318000197,0.2775999904
4648.0474513,108.25559998,0.2978999913,0.2161000073,2.2599999905,0.7335000038,0.2493000031
4648.1998513,105.71029663,0.2475000024,0.2508000135,2.2040998936,0.6420999765,0.1366000026
4648.3522513,98.769302368,0.2502999902,0.2169999927,2.2609000206,0.6739000082,0.1899999976
4648.5046512,88.248703003,0.1617999971,0.1934999973,2.3210000992,0.7218000293,0.0577999987
4648.6570512,77.792999268,0.1438000053,0.1738999933,2.3559999466,0.7333999872,0.0612999983
4648.8094512,69.075996399,0.0878999978,0.1433999985,2.4200000763,0.8159999847,0.0092000002
4648.9618512,63.384700775,0.0799999982,0.0650999993,2.5450999737,1,0.1393000036
4649.1142512,62.858398438,0.0881000012,0.0102000004,2.635999918,1,0.1447000057
4649.2666512,64.342300415,0.0983000025,0.0304000005,2.6008999348,1,0.1565999985
4649.4190512,73.765800476,0.141900003,0.0820000023,2.5167999268,0.9998999834,0.1381999999
4649.5714512,87.418296814,0.2346999943,0.1398999989,2.423899889,0.9269999862,0.0759000033
4649.7238512,97.36289978,0.344599992,0.1721999943,2.355700016,0.8252000213,0.1383000016
4649.8762512,106.41560364,0.2675999999,0.2380000055,2.2290000916,0.6775000095,0.1463000029
4650.0286512,108.78700256,0.4417000115,0.2451000065,2.2109000683,0.6947000027,0.2048999965
4650.1810512,107.20110321,0.3192000091,0.2626999915,2.1840999126,0.7009999752,0.1712000072
4650.3334512,106.65969849,0.328399986,0.2504999936,2.2149000168,0.7627000213,0.1370999962
4650.4858512,107.10269928,0.3686999977,0.2594000101,2.1932001114,0.7552999854,0.1838999987
4650.6382512,108.20600128,0.2718999982,0.2349999994,2.2428998947,0.8331000209,0.1781000048
4650.7906512,108.62940216,0.279700011,0.2353000045,2.2349998951,0.8241000175,0.2339999974
4650.9430512,108.87969971,0.3057000041,0.2709999979,2.1700999737,0.7479000092,0.2011000067
4651.0954512,107.70880127,0.4138000011,0.2628000081,2.1840000153,0.7713999748,0.2230000049
4651.2478512,106.86799622,0.2874000072,0.2565999925,2.2000000477,0.8083999753,0.2063000053
4651.4002512,107.11199951,0.3041000068,0.2545000017,2.1960000992,0.7994999886,0.2651999891
4651.5526512,107.22219849,0.2992999852,0.2542000115,2.2009999752,0.8116000295,0.235499993
4651.7050511,107.64230347,0.2192000002,0.2700000107,2.1960000992,0.810199976,0.0392999984
4651.8574511,105.56829834,0.3477999866,0.2651000023,2.1689999104,0.7839999795,0.3273000121
4652.0098511,101.53990173,0.3066000044,0.2698999941,2.1842000484,0.8342000246,0.1644999981
4652.1622511,100.81259918,0.2863000035,0.2134000063,2.2969999313,1,0.1421999931
4652.3146511,101.12470245,0.3010999858,0.2199999988,2.2869000435,1,0.1336999983
4652.4670511,101.86239624,0.3237999976,0.2319000065,2.2620000839,0.9991999865,0.1771000028
4652.6194511,105.79290009,0.3668000102,0.2346999943,2.2588999271,0.9998999834,0.1632999927
4652.7718511,107.08390045,0.3377000093,0.2545999885,2.2228999138,0.9817000031,0.1721999943
4652.9242511,107.06400299,0.3276000023,0.2730999887,2.1988999844,0.9660999775,0.1001000032
4653.0766511,108.40180206,0.4273999929,0.2892000079,2.1703000069,0.9412999749,0.0905999988
4653.2290511,107.38490295,0.2937000096,0.2496999949,2.2388999462,0.9998999834,0.1203000024
4653.3814511,106.89179993,0.3037999868,0.2630999982,2.2119998932,1,0.1585000008
4653.5338511,106.25170135,0.2685000002,0.2606999874,2.2160000801,1,0.1589999944
4653.6862511,104.45349884,0.2926999927,0.2691999972,2.2090001106,0.996900022,0.0957999974
4653.8386511,104.30809784,0.2858999968,0.266200006,2.2109999657,0.9926999807,0.1176000014
4653.9910511,102.1230011,0.2486000061,0.233099997,2.263999939,1,0.1432999969
4654.1434511,100.31600189,0.2264000028,0.2626000047,2.2219998837,0.9854999781,0.0693000033
4654.2958511,97.92590332,0.2131000012,0.2035000026,2.3199999332,1,0.0864000022
4654.4482511,90.312202454,0.1465000063,0.1729000062,2.3731999397,1,0.0684999973
4654.6006511,87.598197937,0.1728000045,0.0724000037,2.5388998985,1,0.0864999965
4654.753051,87.753898621,0.1845999956,0.1015999988,2.4858000278,1,0.1243000031
4654.905451,87.709098816,0.1748999953,0.1676999927,2.3768000603,1,0.1115000024
4655.057851,94.272102356,0.2913999856,0.206400007,2.3057999611,0.9997000098,0.1662999988
4655.210251,97.485198975,0.260800004,0.2397000045,2.2390999794,0.8671000004,0.1647000015
4655.362651,97.924301147,0.282400012,0.2188999951,2.2699999809,0.8948000073,0.2233999968
4655.515051,100.78340149,0.337199986,0.2163999975,2.2760000229,0.8982999921,0.2113000005
4655.667451,102.01049805,0.334800005,0.2053000033,2.2802000046,0.8895999789,0.3328999877
4655.819851,102.90859985,0.3914999962,0.1770000011,2.3294000626,0.9653999805,0.3664999902
4655.972251,106.729599,0.5884000063,0.1062000021,2.4168999195,0.9998999834,0.6480000019
4656.124651,108.09819794,0.4833999872,0.0930999964,2.4289999008,1,0.7315000296
4656.277051,110.36889648,0.5389999747,0.0040000002,2.5618999004,1,0.8679000139
4656.429451,114.54660034,0.5715000033,0.0719999969,2.4340999126,0.9850999713,0.986899972
4656.581851,115.72599792,0.6934000254,0.108099997,2.3559999466,0.7930999994,1.0752999783
4656.734251,119.125,0.4930000007,0.1209999993,2.3570001125,0.8640999794,0.9007999897
4656.886651,121.57409668,0.6356999874,0.0991000012,2.3970000744,0.951399982,0.9053000212
4657.039051,119.79879761,0.6481999755,0.1155999973,2.3870000839,0.9800999761,0.7619000077
4657.191451,112.94180298,0.6158999801,0.1020999998,2.4151000977,1,0.7228000164
4657.343851,106.46890259,0.67900002,0.1226999983,2.4649999142,1,0.0009
4657.496251,100.35900116,0.5716000199,0.0732999966,2.4851999283,1,0.5332000256
4657.648651,99.364303589,0.65200001,0.0093999999,2.5892999172,1,0.5577999949
4657.801051,107.03440094,0.5044999719,0,2.7258999348,1,0.5644000173
4657.9534509,106.81089783,0.4932000041,0,2.6812000275,1,0.5710999966
4658.1058509,102.93910217,0.5521000028,0,2.7464001179,1,0.59799999
4658.2582509,98.945198059,0.5866000056,0.0132999998,2.5780000687,1,0.5974000096
4658.4106509,93.591300964,0.6201999784,0.0094999997,2.5748999119,1,0.6773999929
4658.5630509,95.55039978,0.4307000041,0.0152000003,2.5590000153,1,0.7315999866
4658.7154509,99.176696777,0.2210000008,0.0812999979,2.4841001034,1,0.4289000034
4658.8678509,100.89610291,0.4113000035,0.0099999998,2.5618999004,1,0.7814999819
4659.0202509,101.55750275,0.4129999876,0.0973000005,2.4240999222,0.9014999866,0.6856999993
4659.1726509,103.1230011,0.407099992,0.0372000001,2.5260000229,1,0.7002999783
4659.3250509,106.10199738,0.4287999868,0.1164000034,2.3759999275,0.771600008,0.7745000124
4659.4774509,107.77619934,0.4149999917,0.1030000001,2.4010000229,0.829400003,0.7785999775
4659.6298509,108.38619995,0.4806999862,0.1071999967,2.3861000538,0.7876999974,0.8307999969
4659.7822509,104.7881012,0.6431000233,0.0697999969,2.4590001106,0.9973999858,0.8075000048
4659.9346509,106.60320282,0.5268999934,0.0810000002,2.4221000671,0.8506000042,0.9280999899
4660.0870509,110.05210114,0.6660000086,0.0485999994,2.4828000069,0.9994999766,0.9071000218
4660.2394509,115.41940308,0.5386000276,0.1180000007,2.3561999798,0.7398999929,0.9093000293
4660.3918509,121.80789948,0.5414999723,0.0741000026,2.447799921,0.9764999747,0.8366000056
4660.5442509,116.79470062,0.4988000095,0.1141000018,2.3759999275,0.8210999966,0.8246999979
4660.6966509,111.32330322,0.4309000075,0.1111999974,2.3900001049,0.882799983,0.7684999704
4660.8490509,104.85710144,0.3544000089,0.1137000024,2.4040000439,0.97299999,0.6428999901
4661.0014508,101.13510132,0.3321999907,0.1322000027,2.3977000713,0.9994999766,0.4411000013
4661.1538508,103.60520172,0.2811999917,0.176699996,2.326100111,0.8853999972,0.3569999933
4661.3062508,105.4131012,0.3598999977,0.136500001,2.3998999596,0.9998000264,0.3610000014
4661.4586508,111.77030182,0.3688000143,0.1713999957,2.351099968,0.9821000099,0.2698999941
4661.6110508,115.51390076,0.483799994,0.1553999931,2.3629999161,1,0.4061999917
4661.7634508,119.25520325,0.4512999952,0.1506000012,2.3340001106,0.8992999792,0.6772999763
4661.9158508,123.90000153,0.6621000171,0.1168000028,2.3740000725,0.9325000048,0.8398000002
4662.0682508,122.07499695,0.5877000093,0.1213999987,2.3550000191,0.8824999928,0.9185000062
4662.2206508,122.79340363,0.6822999716,0.1268000007,2.3369998932,0.8411999941,0.9779000282
4662.3730508,121.93499756,0.783100009,0.0995000005,2.4000000954,1,0.888899982
4662.5254508,119.94789886,0.6309000254,0.1062000021,2.3838999271,0.9702000022,0.9214000106
4662.6778508,118.42890167,0.5677000284,0.1263000071,2.3389999866,0.8648999929,0.9774000049
4662.8302508,117.78990173,0.5995000005,0.1182999983,2.367000103,0.9577000141,0.888100028
4662.9826508,118.70469666,0.7857000232,0.1317999959,2.3450000286,0.9268000126,0.8690000176
4663.1350508,121.01920319,0.4618999958,0.1342999935,2.3478999138,0.9627000093,0.8220000267
4663.2874508,124.2440033,0.814899981,0.1632000059,2.302200079,0.9139000177,0.7731999755
4663.4398508,124.56159973,0.6615999937,0.1264999956,2.3691000938,1,0.766900003
4663.5922508,126.12779999,0.6665999889,0.1023999974,2.3991000652,1,0.8539999723
4663.7446508,126.32050323,1.0070999861,0.0866999999,2.4326999187,1,0.7914999723
4663.8970508,126.4367981,0.7491999865,0.1274999976,2.3640999794,1,0.7953000069
4664.0494508,128.16670227,0.5267000198,0.1409000009,2.3380000591,0.9822000265,0.8191999793
4664.2018507,126.46170044,0.8350999951,0.0961000025,2.406899929,1,0.877300024
4664.3542507,125.51059723,0.8525999784,0.1288000047,2.3399999142,0.9144999981,0.9502999783
4664.5066507,123.53600311,0.7355999947,0.0725999996,2.4230000973,1,1.0752999783
4664.6590507,123.09200287,0.700600028,0.1044000015,2.364000082,0.8662999868,1.0752999783
4664.8114507,120.95570374,1.0273000002,0.0947000012,2.381000042,0.867299974,1.0751999617
4664.9638507,118.34449768,0.8597999811,0.0917999968,2.3929998875,0.888899982,1.0292999744
4665.1162507,114.35469818,0.6606000066,0.1092000008,2.375,0.8554999828,0.9175000191
4665.2686507,109.30310059,0.6772000194,0.1137999967,2.3740000725,0.8496000171,0.8568000197
4665.4210507,111.248703,0.8068000078,0.0953999981,2.4012000561,0.8686000109,0.9000999928
4665.5734507,113.61849976,0.5943999887,0.0507999994,2.486000061,1,0.8475000262
4665.7258507,114.66320038,0.4891000092,0.0436000004,2.5009999275,1,0.8230000138
4665.8782507,111.05680084,0.4544999897,0.0408999994,2.5039999485,1,0.8353000283
4666.0306507,102.89710236,0.4201000035,0.0379000008,2.5007998943,1,0.9053999782
4666.1830507,96.560600281,0.3659999967,0.074000001,2.4386000633,1,0.757799983
4666.3354507,93.080101013,0.3815000057,0.0103000002,-2.34100008,1,0.0026
4666.4878507,93.590103149,0.3138999939,0.0886000022,2.4402000904,1,0.6212999821
4666.6402507,100.4048996,0.3129999936,0.123300001,2.3970999718,0.9139999747,0.5417000055
4666.7926507,107.25640106,0.3050999939,0.1133000031,2.4149999619,0.953700006,0.5468000174
4666.9450507,116.25640106,0.3959999979,0.1196999997,2.4040000439,0.918900013,0.5361999869
4667.0974507,119.34300232,0.4318999946,0.0756999999,2.4719998837,1,0.6123999953
4667.2498506,113.70700073,0.4896999896,0.0500999987,2.4930000305,1,0.7987999916
4667.4022506,106.6269989,0.4824000001,0.0557000004,2.4839999676,1,0.7957000136
4667.5546506,101.46510315,0.5859000087,0.0538999997,2.493999958,1,0.7360000014
4667.7070506,104.36160278,0.5278000236,0.0627000034,2.4839000702,1,0.6963000298
4667.8594506,110.30960083,0.391200006,0.0948000029,2.4349999428,0.9851999879,0.6521999836
4668.0118506,113.40170288,0.4643000066,0.0895999968,2.4270000458,0.9063000083,0.7741000056
4668.1642506,110.50810242,0.4435000122,0.1014999971,2.4119999409,0.8853999972,0.7225999832
4668.3166506,103.78399658,0.5274000168,0.0922999978,2.4275000095,0.9208999872,0.7348999977
4668.4690506,100.29090118,0.5188000202,0.0769999996,2.4432001114,0.9207999706,0.8223000169
4668.6214506,99.945503235,0.523999989,0.0260000005,2.5158998966,0.9998000264,0.9470000267
4668.7738506,103.71160126,0.5044999719,0.0496000014,2.4760000706,0.9419999719,0.9433000088
4668.9262506,109.27020264,0.5134999752,0.0478000008,2.477699995,0.9254000187,0.9546999931
4669.0786506,112.03549957,0.5692999959,0.0001,2.6387000084,0.9478999972,0.9272999763
4669.2310506,115.91470337,0.4496000111,0.0364000015,2.4921998978,0.9704999924,0.9987999797
4669.3834506,119.70929718,0.6761999726,0,2.546900034,0.9456999898,1.0751999617
4669.5358506,120.67120361,0.4745000005,0.0535000004,2.4630999565,0.9207999706,0.9937999845
4669.6882506,119.80239868,0.4894999862,0.0843999982,2.4389998913,0.9774000049,0.7645999789
4669.8406506,117.16999817,0.4742999971,0.1185000017,2.4019999504,0.9545000196,0.5831000209
4669.9930506,114.10399628,0.5877000093,0.1421000063,2.3680000305,0.9002000093,0.5109999776
4670.1454506,113.91249847,0.5392000079,0.1085999981,2.4340000153,1,0.4670000076
4670.2978506,116.40399933,0.6984999776,0.1057000011,2.4519999027,1,0.3540999889
4670.4502505,114.38870239,0.7171000242,0.0720999986,2.503000021,1,0.3984000087
4670.6026505,109.69270325,0.5350000262,0.074000001,2.4930000305,1,0.4568000138
4670.7550505,104.24890137,0.4884000123,0.0891000032,2.4709999561,1,0.4296999872
4670.9074505,96.533996582,0.420599997,0.0753000006,2.4900999069,1,0.4629000127
4671.0598505,92.890602112,0.3269000053,0.0719999969,2.5495998859,1,0.0009
4671.2122505,93.81590271,0.3465000093,0.1275999993,2.4212999344,1,0.304399997
4671.3646505,97.883598328,0.3754000068,0.0754000023,2.5007998943,1,0.3695000112
4671.5170505,104.80940247,0.4264999926,0.0925000012,2.4523000717,1,0.5418000221
4671.6694505,112.53970337,0.3964999914,0.0423999988,2.5157999992,1,0.7135000229
4671.8218505,117.81580353,0.554099977,0.0706999972,2.462100029,1,0.7682999969
4671.9742505,120.14279938,0.560199976,0.0436000004,2.5069000721,1,0.7724999785
4672.1266505,120.94819641,0.7440999746,0.1066000015,2.3951001167,0.9804999828,0.8219000101
4672.2790505,120.77410126,1.0744999647,0.1030000001,2.4059998989,1,0.7875999808
4672.4314505,119.13200378,0.6244000196,0.112499997,2.3849999905,0.9692000151,0.8213000298
4672.5838505,119.36299896,0.6740000248,0.1199000031,2.3870000839,1,0.7085000277
4672.7362505,119.29149628,0.7416999936,0.1208000034,2.382999897,0.988499999,0.7250000238
4672.8886505,118.15830231,0.8177999854,0.0988999978,2.4219999313,1,0.7089999914
4673.0410505,118.50309753,0.7674999833,0.0731000006,2.4370000362,0.9998999834,0.9488999844
4673.1934505,116.96510315,0.6747999787,0.070600003,2.4300999641,0.945299983,1.0335999727
4673.3458505,113.8927002,0.7911999822,0.0555999987,2.4749999046,1,0.8737999797
4673.4982504,111.16680145,0.6312000155,0.0661000013,2.4660000801,1,0.8004999757
4673.6506504,107.63729858,0.4458000064,0.0637999997,2.4730000496,1,0.7735000253
4673.8030504,104.0483017,0.5929999948,0.0675000027,2.4667999744,0.9997000098,0.7731000185
4673.9554504,102.17240143,0.6220999956,0.0974000022,2.4149000645,0.9004999995,0.7628999949
4674.1078504,101.7059021,0.5155000091,0.1174999997,2.3770000935,0.7933999896,0.7574999928
4674.2602504,101.4016037,0.4395999908,0.1115999967,2.3782999516,0.7613999844,0.8248999715
4674.4126504,96.5102005,0.4248000085,0.0731000006,2.4428999424,0.8801000118,0.8733999729
4674.5650504,91.164001465,0.1787,0.0844999999,2.4918999672,0.9998000264,0.3154999912
4674.7174504,85.817100525,0.3312999904,0.1027999967,2.4230999947,0.9574999809,0.6315000057
4674.8698504,77.701202393,0.2108999938,0.0935000032,2.4690001011,1,0.3837000132
4675.0222504,77.597000122,0.2260999978,0.124499999,2.4210000038,1,0.3513999879
4675.1746504,84.653999329,0.2583000064,0.0461000018,2.5469999313,1,0.3939999938
4675.3270504,91.120002747,0.3127999902,0.1225999966,2.3959999084,0.8892999887,0.5530999899
4675.4794504,98.149497986,0.3488999903,0.1133000031,2.4010000229,0.888199985,0.6460000277
4675.6318504,100.22480011,0.4494000077,0.1298000067,2.3580999374,0.7688000202,0.7264999747
4675.7842504,100.03639984,0.4767999947,0.0900000036,2.4200000763,0.8561000228,0.8149999976
4675.9366504,100.32209778,0.4185000062,0.0834999979,2.4449000359,0.9391999841,0.7181000113
4676.0890504,100.35350037,0.4004000127,0.0979000032,2.4100000858,0.8127999902,0.7728999853
4676.2414504,99.680099487,0.393599987,0.0925000012,2.4191000462,0.8282999992,0.780099988
4676.3938504,101.30490112,0.4762000144,0.066200003,2.4388999939,0.7947000265,0.9926000237
4676.5462504,104.32920074,0.5080000162,0.0811000019,2.4181001186,0.8259000182,0.956099987
4676.6986503,102.58609772,0.4853000045,0.0732999966,2.4349000454,0.9052000046,0.9442999959
4676.8510503,102.59230042,0.4031000137,0.0961999968,2.4172000885,0.9738000035,0.7814000249
4677.0034503,98.212501526,0.5230000019,0.0562000014,2.4551000595,0.9787999988,1.0318000317
4677.1558503,95.370697021,0.3675999939,0.0559,2.4830000401,1,0.8018000126
4677.3082503,98.708702087,0.2114000022,0.1534000039,2.3831000328,1,0.2619999945
4677.4606503,99.775001526,0.2313999981,0.1792999953,2.3380000591,0.9480000138,0.2498999983
4677.6130503,99.547096252,0.1855999976,0.2388000041,2.2539999485,0.8187999725,0.0140000004
